uid,data,salt
soso,47d2cacfe94f2db519b84c455b2bf6e1f17f2539a48d09f8bcc142312245c44da5b39e87379cbdf66997d9934087ef82cb4cf964ce42ac00aa806a91a677ae14,14e96a8a4049d812a737d919cc662e94b2a38d3e13f941ed24ee5211055c460f1fe9a76e74f7715e83842d3c7b5313c87c67a27e2d4e5e27890b0b1afa4b87be
jojo,153802c3e4bdecfe2c6a1dc5ad1fb06be59e842bcf7a7717c00bceff29a120d156edf05b8c8a393c1d269189b1d78a4b55cc4b67b979d334cf243f0676bdc4d0,cd7bcb79d772334bb20dca20b37e52b5bae3d211422883b90d5b629e6b3a46a14099b6b0b787525f9ca06b40d255ad84b072cc57cfba36a710313b790b007235
meme,7aacc763c6f5d93470c63621afb6091ac4dfeb59bdd3003101f111ae21589237d103dd6f26d6b3b950833b329b2f1d820626995e5e42deb04e311978d86d07e3,45cb55527cf16600bd1e3857f205c9da15976d2f131536237c79dec606d675f6f601c0647584f17a0f390ddbd4667e504211448b96e026701d4152170a9dca45
tony99,71898f438da0ab4fc0d1dda537de8e50d298abddb05fc6ab0782d4c63eb878537ca4513c76ccf7d16c910ed663dbcc2b980547b7b6caf9504ad7f25966827901,70b4709607f18dee016143566e3968a1ec8e71a378811b73905426bd63d530df12ac7c2d65d22f2ba832966ae33b6029b231ed605b374a70e4ef54dc8a7d1ee7
raife,000fa80a9fdf0974721ed1e4a08a18b901bfa79975a359e99cc912fb10aa069b999b3ee1c5375c22d541763aed68a5be045e8ec6c774f18a23575bac47cd8537,7684c9a317b0cb470a80bf3106b33d3d73db3c7af6bfd6230c6bf4f27e874d4a9b4fb81d485141763d303165c5c662bfb6ebd7eaf3c74d76785413126dcb3800
lester,f4ef4f1f84654270d3b7da4ebf0143dbe865045f33698bc594ff0e1297b2304965c9aed149bf11213f62ea2e56296216094b10a81d80f22195b096e7c7309731,10f4192743ed9fb385f851bdfaf830772f63e90d95ac72077801e55bed8626137b42a0f02019dc1200f0e3a097584a4cbd531565ffbf8efb9de20cdcdbf4f4fa
shawntae2,38c46e8989d3c66adf16ebdbcedbdfaa06cae91363a0b0613c91d2047cc1b08243f13456be3287352ca659bc30b92f98657bc7b34b2fb6e2a074954c4e9b7c37,eb7bc9c50a2f062be9d0769323d5febce584a7f61b2f4d8a03ed4593d5d9cfa4262c8a4a91aa306d62deafd8e434ea58704422931ea9d95fb66c573ec3e653f4
smelter,77d0ba254663ef043cd45d6b70704c613e5ce6cd08e57c8c5dcbe0ef981ec103809f4205c771dd903ffbcc0548df60b68b2e8164d80719c25461df4fbc263612,d1bb93d0f45b3ab277055df3509c046eead30fc63bcd258292f37f4dcf5fdc3d9cedfa5615421542277886e3f56d00c9ea5d65f68c74dffb3319a4a631f3c30d
barney,657c99eff5a6d4f35311feb6c504d3ece71f5c67c4562cbc1d81bb93260edd7c51333731da65da3897ff485f7de70dd937bab52d6104ee13081bd281a944788f,ad021a8b6624de3dff8e402ee7714528b417f9b3b7e08725dc1f360cd359e5a724108cd3e02c98270123771d80d6dbd6a4024a8342bb6f624aa13d15cb9c9d24
roxanne,429b1c5dff643e7ca1cd667cb4a0093dc76b6ee4aa429a9a489f229863a8a9d678defe866fe2d5c9fd1713769a049fd294e4e9d953612576bc05974faa30c025,60e0ec62dc1ce22d541d4829a3e2663f8d471411298b102bfab7a6bc306e1dfc80eef77748b349fd6b35c8bea87b4a01c831b08e64ec6c761dbfa7c0011ee548
pingu,985de79fe736ee542cfbe15009e3e8ee6299546e3fea31846d2f25f04497aa56997f69d8071e5d1d2782d55850a9ba1f80002a54ab60d9d544b897b85252bbc0,d5cf2d12ddf51d708a44b6a48a39fb22c59e802316697422b3629d3dbd9bae210a6f5c01a70d83b7135eb0ee053f039a0b9a81c9268fd69c2a3b7fc8a121ba88
xenu,be2b2a60de09c0515106fa3ff9bd48137afa909cae0dc988bcf81779a785e75445ad7ac1c86298e8c09f450180b0d8e1ae342a3ea9070eb0cc5030377a6fc145,afb09fd7f1e15c154efb08639027f51119a10a1b4f37e91b728255a322d97e2aaff3e70ac4f27398a69ff71ba3498e5f60c16295f0c7b27acec6fc8fec4052f4
xenu1,f81a351098d0ae1de942500d345c8b110f8ea141fbff19a2f47c1c199fcf0787d0fa8daa9609337b06249d1ca4d6f3cc2302d9a6fb3c4116c94b977ce376b930,fd1bd2db287b04288a0a839d12118f4b1a25df869b12160aea009789bc6e658abbd15159d79d81dde9aa047accc32663a781dd8846ffb171e01405491f7bb39d
xenu2,44806e920f6e5d679332e141c25814958ea5ff44ec9457a269476af03a3976a9cb4d9481b0a9bcd814fd9c4f753ddce4ed4bc7f2702437ede7124d0ef31e1182,c6628f5b1a5a4ed049068f7d5a7091b1e1334e48d228d9c07ecfb62ae5528bf438b90219bec68ac3855ea098b77876be54bafce7824edae86ac4e671607b5864
xenu3,4110fe26f145944c7a258d4e32fc1d7ba10765ae4195c5965cb102538872ff32d9488155604c094368c2ccb5dd4e4a4e64742babfecf423ec50bfd0d457ddd57,93cfb80eff747e3e7b35070afda4a8e681335002568a8e31b8592fc6ba9b53050ef65be38af888c647b92700c468e0c2685016ea9fc69ccfd391052ea72af975
xenu4,7b4167ac7e92a5e315acc7dc9dca9e191cbff36efb1e06441d4e9d4143fd43b53dfec1c2c3e71fd01c01943693ab36f368e1bdc177d2b0b8a29e66a6773611d8,ca136128de151c86f4a461d93f844d17f985a64e1859ac05fe4c61d134d5ba67a3e13799133c0b420dffa1fb9987962fdd5b24093f676d2a42155855a7e54204
lance,b3b02984303def7989dfa6e65d3865c0cab52df83bec28caf77ee7083cd936a2aa8502c27da26b65c0247294c0f35e922df886be8c44db327ea9e78c238d4cfd,77b7086f8f3318437e02532151e3760348e99ccc52715dd5c102dcb53b3cb17e662e25393323cc58155346adfa10d6cacdd62ef3097312ef27da2d5911f247fb
kincaid,f663cfbd3df8e6cec4f1b772bd9df23c7fc978a033e739b27cd8d374e9668cf45e6413ac62f6254f21c670d2c22451a17f49b8df60ef152ca83c30ec6d872535,6a9c45f9bd1621d37fb97866c02b66fa3fb9bb55e1f764dc86913d044bbe8b523a998ccab2157342f2def39cef0f2198578d1ffb86dbe3f09bb224c210ceb86d
pepe,7c384d44273cbcb9362938a8e7b14210ba9437b85db1f6770dca3bb725e52afbf3be9b3f017ea886f2ddf297a3b466c4058a939bd1bfe7ae9870c2e8ecbaaedf,7bb5751bd96cf635f80bf52903921ce78360511cddfae964ae0dc151bdd173504b13bc744fc65dacd79824185ad9c371d99c0f3817f162111c8dabd9db36681b
roberto,51b67064c0829c288d2143c309b80d3734de07cfbc7deb8fb659a005bc4f109e63011aeac8b6d1bf01a42d0beb23af2e4b48ba8661e894c3ec091b91e2596fea,eafd47e209819801187fb5069f262388b2ce606e6a0432e03e6eeaecab2aa4d9a147c4ca4a8dfa99ca866d8e596085e2314ecf4607cfdbc7f8099853651e4c73
beavis,d3be4614a87476ee412115792ee2d1811ba101b2c4f1d16211cd6972205bf0692ac9cd358d5dacd3e70d5ea727d186fa802aaf23900b2ae14c8d78320f9d7e3d,e6697912d2c19dae8e672489b185e0429836b3a4bead4d6de8e5121133f38b17a13bdc0935cdaeeebc2359399bfb557ea8202daaacb927877096ee55ee6e8e42
